time,value
0,0.8801666
0.05,0.8200725
