time,value
0,0.009001547
0.05,0.005655515
