time,value
0,0.8047689
0.05,0.7636515
0.1,0.7566689
0.15,0.7433378
0.2,0.7345837
