time,value
0,0.200183
0.05,0.1461686
0.1,0.07925592
0.15,0.05036367
0.2,0.03803375
