time,value
0,1
0.05,1.03125
0.1,1.032227
0.15,1.032257
0.2,1.032258
